id,sha1,path,filename,fmt,mode,width,height,channels,telescope,band,bytes,mtime
fd2582f57237,fd2582f57237d47ed888250982b423d71032afa7,C:\Users\abhis\Desktop\P1\data\raw\47-tucanae_41156978230_o.jpg,47-tucanae_41156978230_o.jpg,JPEG,RGB,2482,3143,3,,,1150393,1759403158.0
e921c86b6fb6,e921c86b6fb61184c05a8e093f8c34dde2334c59,C:\Users\abhis\Desktop\P1\data\raw\47-tucanae_50226565802_o.jpg,47-tucanae_50226565802_o.jpg,JPEG,RGB,2000,2039,3,,,545728,1759403146.0
295818b920cf,295818b920cf84d65841f1026f06e36984b2b8ca,C:\Users\abhis\Desktop\P1\data\raw\a-close-look-at-a-local-galaxy-ngc-2566_54213026331_o.jpg,a-close-look-at-a-local-galaxy-ngc-2566_54213026331_o.jpg,JPEG,RGB,3995,4387,3,,,6951842,1759403356.0
18f3d165bd50,18f3d165bd5041dcf6dab535858a8d374b43a9d9,C:\Users\abhis\Desktop\P1\data\raw\a-close-relationship_52693590595_o.jpg,a-close-relationship_52693590595_o.jpg,JPEG,RGB,1617,1281,3,,,737102,1759376824.0
6ac6fcf5d71c,6ac6fcf5d71c65959729565dbe9086374e2f3ce7,C:\Users\abhis\Desktop\P1\data\raw\a-cosmic-draw_52691424106_o.jpg,a-cosmic-draw_52691424106_o.jpg,JPEG,RGB,3913,3321,3,,,7330509,1759376816.0
5eaf3ffe086c,5eaf3ffe086ca929e2ab7bf183cc4a18202aad1b,C:\Users\abhis\Desktop\P1\data\raw\a-distorted-spiral_53502097195_o.jpg,a-distorted-spiral_53502097195_o.jpg,JPEG,RGB,4081,3801,3,,,9830699,1759376808.0
aa1994cba610,aa1994cba61064d5f20d79e7a225b5e23840f372,C:\Users\abhis\Desktop\P1\data\raw\a-duo-of-starbursts-in-i-zwicky-18_53612916394_o.jpg,a-duo-of-starbursts-in-i-zwicky-18_53612916394_o.jpg,JPEG,RGB,1280,1309,3,,,247288,1759403398.0
ae4dcc6c56e7,ae4dcc6c56e70f31bc3af25d9b5d72a4a0cc6ba1,C:\Users\abhis\Desktop\P1\data\raw\a-dynamic-duo--or-trio_53435079630_o.jpg,a-dynamic-duo--or-trio_53435079630_o.jpg,JPEG,RGB,3347,3522,3,,,6329423,1759376812.0
7b5a3fda1437,7b5a3fda143700e92e9cfbc88b5c86d45bbf60cf,C:\Users\abhis\Desktop\P1\data\raw\a-faint-bridge-of-stars_53498407311_o.jpg,a-faint-bridge-of-stars_53498407311_o.jpg,JPEG,RGB,3745,4087,3,,,4862515,1759376810.0
295577103fb6,295577103fb6d091e5e846fd4c68a84a03552754,C:\Users\abhis\Desktop\P1\data\raw\a-galactic-treasury-ngc-1559_53554927627_o.jpg,a-galactic-treasury-ngc-1559_53554927627_o.jpg,JPEG,RGB,3961,4000,3,,,4983079,1759403402.0
09ee38f84fd0,09ee38f84fd04ed900e6aead465bada094dedd22,C:\Users\abhis\Desktop\P1\data\raw\a-long-armed-galaxy_52691518210_o.jpg,a-long-armed-galaxy_52691518210_o.jpg,JPEG,RGB,3744,4083,3,,,7008194,1759376818.0
ab7f4146bb94,ab7f4146bb9468e3fb6fbd0808b471913861aa9b,C:\Users\abhis\Desktop\P1\data\raw\a-massive-cluster-is-born-n79_53482934970_o.jpg,a-massive-cluster-is-born-n79_53482934970_o.jpg,JPEG,RGB,1121,1319,3,,,453371,1759403414.0
8e4127857bcd,8e4127857bcd07075632f1ecaaca73585b4e4964,C:\Users\abhis\Desktop\P1\data\raw\a-pair-of-space-oddities_52691654283_o.jpg,a-pair-of-space-oddities_52691654283_o.jpg,JPEG,RGB,3623,3999,3,,,7245177,1759376818.0
19e2458b9ef0,19e2458b9ef02afd4d01a82b9204bae21a654553,C:\Users\abhis\Desktop\P1\data\raw\a-pair-of-squabbling-galaxies_52691962030_o.jpg,a-pair-of-squabbling-galaxies_52691962030_o.jpg,JPEG,RGB,3908,3880,3,,,6418146,1759376822.0
e1f1ecc054bc,e1f1ecc054bcb057bbbee7b37a54bbc5d0bf10cf,C:\Users\abhis\Desktop\P1\data\raw\a-peculiar-pair_53433765602_o.jpg,a-peculiar-pair_53433765602_o.jpg,JPEG,RGB,3571,3451,3,,,6253670,1759376812.0
03d8cd49bccc,03d8cd49bcccb708b49174c46b12bead773f869a,C:\Users\abhis\Desktop\P1\data\raw\a-pocketful-of-stars_52474904721_o.jpg,a-pocketful-of-stars_52474904721_o.jpg,JPEG,RGB,3930,3815,3,,,8909383,1759403142.0
9b34e9f3ebe5,9b34e9f3ebe5bb42dd01fd071ae4b3a6c3294ab8,C:\Users\abhis\Desktop\P1\data\raw\a-snapshot-of-interacting-galaxies_52691638239_o.jpg,a-snapshot-of-interacting-galaxies_52691638239_o.jpg,JPEG,RGB,3430,2735,3,,,4317791,1759376820.0
5ffaab27f8a1,5ffaab27f8a16d085348f7f8ca784f615c8bd820,C:\Users\abhis\Desktop\P1\data\raw\a-star-studded-cluster_53438083251_o.jpg,a-star-studded-cluster_53438083251_o.jpg,JPEG,RGB,4094,3192,3,,,13707102,1759403130.0
81bbb20be7c8,81bbb20be7c8096f9fa965a681e69e8ac87d73e1,C:\Users\abhis\Desktop\P1\data\raw\a-stellar-breakup-in-ngc-288_28146814387_o.jpg,a-stellar-breakup-in-ngc-288_28146814387_o.jpg,JPEG,RGB,3863,3834,3,,,2857811,1759403152.0
6de1e78caf95,6de1e78caf95eb999781de8e98917cce4639dca0,C:\Users\abhis\Desktop\P1\data\raw\an-interacting-colossus-ngc-6872_33707165318_o.jpg,an-interacting-colossus-ngc-6872_33707165318_o.jpg,JPEG,RGB,2587,1387,3,,,322782,1759376834.0
e59eab43dddd,e59eab43dddd543b58a54853f4f83585777dbeae,C:\Users\abhis\Desktop\P1\data\raw\ancient-orbs-in-m4_41205719240_o.jpg,ancient-orbs-in-m4_41205719240_o.jpg,JPEG,RGB,4165,4132,3,,,3546770,1759403150.0
7fa065764d10,7fa065764d100d0cd9b2087dc0d0b9d31104425f,C:\Users\abhis\Desktop\P1\data\raw\ancient-stellar-globe-ngc-6535_42113433135_o.jpg,ancient-stellar-globe-ngc-6535_42113433135_o.jpg,JPEG,RGB,3977,3931,3,,,2257726,1759403154.0
4e10e4ddecad,4e10e4ddecadf956f19d0ee70938190eb21fe549,C:\Users\abhis\Desktop\P1\data\raw\arp-107-miri-image_54003266552_o.png,arp-107-miri-image_54003266552_o.png,PNG,RGB,1291,1356,3,,,2487994,1759403370.0
172b8eac1144,172b8eac11441f68f096697e659856c3b76ec921,C:\Users\abhis\Desktop\P1\data\raw\arp-107-nircam-image_54004498744_o.png,arp-107-nircam-image_54004498744_o.png,PNG,RGB,10427,4161,3,,,52718943,1759403370.0
ecd2fa18ad22,ecd2fa18ad22dc3ba195224f05d47bcf7200113a,C:\Users\abhis\Desktop\P1\data\raw\astronomical-treasure-trove-ngc-6569_52477052706_o.jpg,astronomical-treasure-trove-ngc-6569_52477052706_o.jpg,JPEG,RGB,2901,2527,3,,,6626903,1759403138.0
8081b40f9689,8081b40f96890cf600d8c76c4c35bcd6f2d7e537,C:\Users\abhis\Desktop\P1\data\raw\beauty-from-chaos_52693638703_o.jpg,beauty-from-chaos_52693638703_o.jpg,JPEG,RGB,3951,3847,3,,,5821377,1759376822.0
736eb2f00a9d,736eb2f00a9d8d01c6c5876d34935d9067c7e670,C:\Users\abhis\Desktop\P1\data\raw\blue-stars-ring-nucleus-of-galaxy-am-0644-741_40603527863_o.jpg,blue-stars-ring-nucleus-of-galaxy-am-0644-741_40603527863_o.jpg,JPEG,RGB,3628,2357,3,,,925487,1759376832.0
ddef6aca241e,ddef6aca241e9277c1dcd0fd41e673d8c8050d27,C:\Users\abhis\Desktop\P1\data\raw\bright-galaxy-group-leda-60847_53498377971_o.jpg,bright-galaxy-group-leda-60847_53498377971_o.jpg,JPEG,RGB,2046,1886,3,,,1557397,1759376812.0
d577a84b0f59,d577a84b0f5926f2b5a3a57d9e9d822f4c671302,C:\Users\abhis\Desktop\P1\data\raw\brilliant-blue-star-cluster-ngc-2031_52515790168_o.jpg,brilliant-blue-star-cluster-ngc-2031_52515790168_o.jpg,JPEG,RGB,3710,1891,3,,,6498202,1759403132.0
7c626a27f857,7c626a27f85711fa00057ce1979a0cb471b2b535,C:\Users\abhis\Desktop\P1\data\raw\carina-nebula-high-resolution_52259221868_o.png,carina-nebula-high-resolution_52259221868_o.png,PNG,RGB,14575,8441,3,,,130748217,1759403258.0
5feab4e13c75,5feab4e13c75aece5b31ed44446065ba6cca3ef2,C:\Users\abhis\Desktop\P1\data\raw\cas-a---chandrawebbhubblespitzer-composite_53453268481_o.jpg,cas-a---chandrawebbhubblespitzer-composite_53453268481_o.jpg,JPEG,RGB,4200,3386,3,,,9024879,1759403418.0
b78044f676e2,b78044f676e2d874a5b0b7cdaae1a27c512069d3,C:\Users\abhis\Desktop\P1\data\raw\cheers-nasas-webb-finds-ethanol-other-icy-ingredients-for-worlds_53584747762_o.png,cheers-nasas-webb-finds-ethanol-other-icy-ingredients-for-worlds_53584747762_o.png,PNG,RGB,668,1039,3,,,2836214,1759403398.0
90db902d3fa7,90db902d3fa7b319fa688e8236af809e7d63ff6a,C:\Users\abhis\Desktop\P1\data\raw\cloud-filled-starry-open-cluster-bsdl-2757_52515113994_o.jpg,cloud-filled-starry-open-cluster-bsdl-2757_52515113994_o.jpg,JPEG,RGB,3985,3843,3,,,13177381,1759403136.0
e94fb2a4fc82,e94fb2a4fc824a44a5de3e54999a04d2800e4f50,C:\Users\abhis\Desktop\P1\data\raw\cluster-in-the-cloud_53433167407_o.jpg,cluster-in-the-cloud_53433167407_o.jpg,JPEG,RGB,4854,3298,3,,,12671307,1759403126.0
b086bae859dc,b086bae859dc7749e6f9b2e3a825ca60eef6f564,C:\Users\abhis\Desktop\P1\data\raw\colliding-galaxy-pair-arp-273-the-rose_46646118205_o.jpg,colliding-galaxy-pair-arp-273-the-rose_46646118205_o.jpg,JPEG,RGB,7887,7994,3,,,65694560,1759376824.0
6155a6c1f458,6155a6c1f4585d24540094d3fa86e8ec4c578dfa,C:\Users\abhis\Desktop\P1\data\raw\colliding-partners-arp-300_53498667054_o.jpg,colliding-partners-arp-300_53498667054_o.jpg,JPEG,RGB,3986,3840,3,,,4137352,1759376812.0
71d25e519cc8,71d25e519cc82714a9503af248a4c199973bd382,C:\Users\abhis\Desktop\P1\data\raw\collision-with-ejected-galaxy-nucleus_46863518914_o.jpg,collision-with-ejected-galaxy-nucleus_46863518914_o.jpg,JPEG,RGB,1001,916,3,,,75477,1759376836.0
6b799050b611,6b799050b611b4040e0d4c8bbeb25a3fe4ef20f9,C:\Users\abhis\Desktop\P1\data\raw\cosmic-dance-of-destruction-in-seyferts-sextet_46672117865_o.jpg,cosmic-dance-of-destruction-in-seyferts-sextet_46672117865_o.jpg,JPEG,RGB,1500,1405,3,,,85600,1759376836.0
7bed9dbaf781,7bed9dbaf78171bf7202e1646fe85543684b494b,C:\Users\abhis\Desktop\P1\data\raw\dark-clouds-in-rosette-nebula-35th-anniversary-image_54471284520_o.jpg,dark-clouds-in-rosette-nebula-35th-anniversary-image_54471284520_o.jpg,JPEG,RGB,4073,3994,3,,,13376768,1759395042.0
86179baca581,86179baca58142d4ea7ef644843411ff8ff7de79,C:\Users\abhis\Desktop\P1\data\raw\djorgovski-1-near-the-milky-ways-heart_42965702082_o.jpg,djorgovski-1-near-the-milky-ways-heart_42965702082_o.jpg,JPEG,RGB,3219,1769,3,,,1430689,1759403154.0
4060e9390efb,4060e9390efbe58c18735d6cbf2eda2fe3a10326,C:\Users\abhis\Desktop\P1\data\raw\double-cluster-ngc-1850_41167632910_o.jpg,double-cluster-ngc-1850_41167632910_o.jpg,JPEG,RGB,2210,1546,3,,,639285,1759403158.0
b0b081153f34,b0b081153f34e92a87c3311b94f634f3dd323a12,C:\Users\abhis\Desktop\P1\data\raw\encounter-between-spiral-galaxies-ngc-2207-and-ic-2163_40608593043_o.jpg,encounter-between-spiral-galaxies-ngc-2207-and-ic-2163_40608593043_o.jpg,JPEG,RGB,2907,1486,3,,,380998,1759376834.0
25c89123d44e,25c89123d44ec9290b9fe460d6d4b5f6aa995291,C:\Users\abhis\Desktop\P1\data\raw\enigmatic-globular-cluster-ruprecht-106_52477533970_o.jpg,enigmatic-globular-cluster-ruprecht-106_52477533970_o.jpg,JPEG,RGB,4145,3790,3,,,19633183,1759403138.0
2e7f7d2db120,2e7f7d2db1204522e328391d9a286d475e29b386,C:\Users\abhis\Desktop\P1\data\raw\faint-stars-in-globular-cluster-ngc-6397_42917790612_o.jpg,faint-stars-in-globular-cluster-ngc-6397_42917790612_o.jpg,JPEG,RGB,3750,5066,3,,,2015532,1759403158.0
73d8806cef81,73d8806cef817a037bb37ec3343d35845a197240,C:\Users\abhis\Desktop\P1\data\raw\fireworks-of-stellar-starbursts---ngc-4449-nircam--miri_53755147481_o.jpg,fireworks-of-stellar-starbursts---ngc-4449-nircam--miri_53755147481_o.jpg,JPEG,RGB,1280,754,3,,,417617,1759403394.0
fcd1a6c7f9ce,fcd1a6c7f9ce79cdbc9b87bfb9b0f645a16eaa1d,C:\Users\abhis\Desktop\P1\data\raw\first-of-its-kind-detection-made-in-striking-new-webb-image_53804051336_o.png,first-of-its-kind-detection-made-in-striking-new-webb-image_53804051336_o.png,PNG,RGB,2000,1267,3,,,2956456,1759403386.0
528929550ca6,528929550ca661addc93432a85550224cb780b12,C:\Users\abhis\Desktop\P1\data\raw\galactic-crash-course_52691574928_o.jpg,galactic-crash-course_52691574928_o.jpg,JPEG,RGB,2841,1871,3,,,2569292,1759376818.0
a8dcc66c7c27,a8dcc66c7c2715fb82c98328fdd71ff79e95c7a5,C:\Users\abhis\Desktop\P1\data\raw\galactic-crash-course_53438296846_o.jpg,galactic-crash-course_53438296846_o.jpg,JPEG,RGB,2841,1871,3,,,2568630,1759376814.0
60714033f9a7,60714033f9a7bc5cefd17a34fdc9262b24497555,C:\Users\abhis\Desktop\P1\data\raw\galactic-glow-worm-234365257-iras_47587494721_o.jpg,galactic-glow-worm-234365257-iras_47587494721_o.jpg,JPEG,RGB,3843,3195,3,,,976094,1759376836.0
95fa42f16568,95fa42f165680090b0ee6227fd01c04e58a1838f,C:\Users\abhis\Desktop\P1\data\raw\galactic-siblings_52693614528_o.jpg,galactic-siblings_52693614528_o.jpg,JPEG,RGB,3785,2550,3,,,3744548,1759376822.0
f778e4eab106,f778e4eab10618ddf858aa3eefc99340a8189f44,C:\Users\abhis\Desktop\P1\data\raw\galactic-waterspout_52693163831_o.jpg,galactic-waterspout_52693163831_o.jpg,JPEG,RGB,3657,3409,3,,,4869960,1759376822.0
f598cc99b870,f598cc99b870200224016b0fcc5d434e04316b31,C:\Users\abhis\Desktop\P1\data\raw\galaxies-collide-in-a-blaze-of-star-birth_40608209253_o.jpg,galaxies-collide-in-a-blaze-of-star-birth_40608209253_o.jpg,JPEG,RGB,1489,2049,3,,,198444,1759376832.0
61383ac07533,61383ac07533c4bb337f5ec1dbd961755d80853d,C:\Users\abhis\Desktop\P1\data\raw\galaxies-ic-2163-and-ngc-2207-miri-image_54107470055_o.png,galaxies-ic-2163-and-ngc-2207-miri-image_54107470055_o.png,PNG,RGB,2538,1944,3,,,8071979,1759403362.0
728fb8ed6e1c,728fb8ed6e1c143d19d4d7ec0962e8c6c62a1676,C:\Users\abhis\Desktop\P1\data\raw\galaxy-cluster-spt-cl-j06155746-wide-field-view_53820174319_o.jpg,galaxy-cluster-spt-cl-j06155746-wide-field-view_53820174319_o.jpg,JPEG,RGB,3352,3321,3,,,3308486,1759403386.0
55cd16b80fa1,55cd16b80fa1d79febf47a79076e05521b7f8b2b,C:\Users\abhis\Desktop\P1\data\raw\galaxy-group-ngc-7764a_52691016857_o.jpg,galaxy-group-ngc-7764a_52691016857_o.jpg,JPEG,RGB,3008,2968,3,,,3028148,1759376820.0
5865ce9d5551,5865ce9d555172bea957320417c170d14b5efefd,C:\Users\abhis\Desktop\P1\data\raw\galaxy-ngc-2623-merger_47531179942_o.jpg,galaxy-ngc-2623-merger_47531179942_o.jpg,JPEG,RGB,3396,2347,3,,,370423,1759376836.0
600eee2d04c7,600eee2d04c74b1dbb2191762a3d5772bf3758c4,C:\Users\abhis\Desktop\P1\data\raw\glittering-gathering-of-stars-in-pismis-26_52515088826_o.jpg,glittering-gathering-of-stars-in-pismis-26_52515088826_o.jpg,JPEG,RGB,2901,2553,3,,,6326334,1759403134.0
a3d86cecf90e,a3d86cecf90e48c55235532f4b8ad7a66924b41d,C:\Users\abhis\Desktop\P1\data\raw\globular-cluster-ic-4499_42928574722_o.jpg,globular-cluster-ic-4499_42928574722_o.jpg,JPEG,RGB,4098,4188,3,,,3949715,1759403156.0
e3d7994b44d0,e3d7994b44d0c7202d2b9a54d7283de459bc9f1a,C:\Users\abhis\Desktop\P1\data\raw\globular-cluster-m15_29105130168_o.jpg,globular-cluster-m15_29105130168_o.jpg,JPEG,RGB,3749,4028,3,,,3859181,1759403158.0
fb0ecf16d39b,fb0ecf16d39b6b2e32f05ce130a31798dba2a8c2,C:\Users\abhis\Desktop\P1\data\raw\globular-cluster-m2_28147563947_o.jpg,globular-cluster-m2_28147563947_o.jpg,JPEG,RGB,2039,2039,3,,,7501870,1759403148.0
629ebe30dc72,629ebe30dc725b48f33ccc0ecf81eee125d4eeda,C:\Users\abhis\Desktop\P1\data\raw\globular-cluster-m70_42113651075_o.jpg,globular-cluster-m70_42113651075_o.jpg,JPEG,RGB,4038,4109,3,,,3046934,1759403152.0
fdd5fb936e4f,fdd5fb936e4f21e9063093a1fc778d61c998f435,C:\Users\abhis\Desktop\P1\data\raw\globular-cluster-m80_28109219377_o.jpg,globular-cluster-m80_28109219377_o.jpg,JPEG,RGB,1777,1864,3,,,662874,1759403156.0
6882a8823821,6882a8823821f38d9495cb3eb173500cc3d6f6ba,C:\Users\abhis\Desktop\P1\data\raw\globular-cluster-ngc-1466_50174809247_o.jpg,globular-cluster-ngc-1466_50174809247_o.jpg,JPEG,RGB,3191,3161,3,,,8090229,1759403146.0
e2120029cf31,e2120029cf310e11d1ccbe3543c91b34403729d9,C:\Users\abhis\Desktop\P1\data\raw\globular-cluster-ngc-1806_42966039202_o.jpg,globular-cluster-ngc-1806_42966039202_o.jpg,JPEG,RGB,3741,2303,3,,,1813285,1759403152.0
939053287f32,939053287f32b86ef09ba963f38bf79815c2d75a,C:\Users\abhis\Desktop\P1\data\raw\globular-cluster-ngc-1850-take-one_52515250436_o.jpg,globular-cluster-ngc-1850-take-one_52515250436_o.jpg,JPEG,RGB,3918,3675,3,,,12663981,1759403132.0
2ede423d0940,2ede423d0940a75149f5d7eee077f7138edd4406,C:\Users\abhis\Desktop\P1\data\raw\globular-cluster-ngc-1850-take-two_52515824723_o.jpg,globular-cluster-ngc-1850-take-two_52515824723_o.jpg,JPEG,RGB,4098,3808,3,,,11551026,1759403132.0
af778f9e2661,af778f9e2661d5ff8c46e6731e9bea0dbf195abb,C:\Users\abhis\Desktop\P1\data\raw\globular-cluster-ngc-2808_42248174254_o.jpg,globular-cluster-ngc-2808_42248174254_o.jpg,JPEG,RGB,3856,3864,3,,,2827163,1759403160.0
26360b113327,26360b113327da7f32b2a8c8149f52e5ca53568c,C:\Users\abhis\Desktop\P1\data\raw\globular-cluster-ngc-6558_52477391485_o.jpg,globular-cluster-ngc-6558_52477391485_o.jpg,JPEG,RGB,4099,3718,3,,,18721657,1759403140.0
f9c098b72286,f9c098b72286ce94bd9028b2c787c6a4a3c7bd52,C:\Users\abhis\Desktop\P1\data\raw\globular-cluster-terzan-12_53434520245_o.jpg,globular-cluster-terzan-12_53434520245_o.jpg,JPEG,RGB,3260,3609,3,,,10073433,1759403128.0
262ba2d8f89c,262ba2d8f89ca2e4670717b806f479776c36b736,C:\Users\abhis\Desktop\P1\data\raw\globular-cluster-terzan-2_52477584603_o.jpg,globular-cluster-terzan-2_52477584603_o.jpg,JPEG,RGB,2611,2895,3,,,7743879,1759403138.0
502cdb6fc817,502cdb6fc817bca08dc4623eb0c71b0e49d33fb0,C:\Users\abhis\Desktop\P1\data\raw\globular-star-cluster-ngc-2203_50337312933_o.jpg,globular-star-cluster-ngc-2203_50337312933_o.jpg,JPEG,RGB,3892,4035,3,,,14599545,1759403146.0
ecab83f3ffda,ecab83f3ffdaa0065e8104aa85f667d37fe4c116,C:\Users\abhis\Desktop\P1\data\raw\greater-pumpkin-galaxy-pair_52687934584_o.jpg,greater-pumpkin-galaxy-pair_52687934584_o.jpg,JPEG,RGB,6196,5901,3,,,18978638,1759376816.0
d4854d86983c,d4854d86983c5ca0d2387bc85e2c94d3caa769ee,C:\Users\abhis\Desktop\P1\data\raw\hats-off-to-nasas-webb-sombrero-galaxy-dazzles-in-new-image-miri_54163774891_o.png,hats-off-to-nasas-webb-sombrero-galaxy-dazzles-in-new-image-miri_54163774891_o.png,PNG,RGB,3898,1303,3,,,7436776,1759403360.0
55bd94c87f33,55bd94c87f33a0dbfc4c634c2c4ce5b9d74d9c7f,C:\Users\abhis\Desktop\P1\data\raw\hickson-compact-group-31_32619233987_o.jpg,hickson-compact-group-31_32619233987_o.jpg,JPEG,RGB,2514,1940,3,,,4027411,1759376828.0
72aca9678232,72aca96782326057c75fd8476169d26192e1f2b4,C:\Users\abhis\Desktop\P1\data\raw\hickson-compact-group-40_52691253554_o.jpg,hickson-compact-group-40_52691253554_o.jpg,JPEG,RGB,4021,3773,3,,,9406388,1759376814.0
9228bae319d1,9228bae319d1e6c8a3e693c4d9f0e6d3492297f0,C:\Users\abhis\Desktop\P1\data\raw\hickson-compact-group-90_46646319855_o.jpg,hickson-compact-group-90_46646319855_o.jpg,JPEG,RGB,3881,3880,3,,,1155304,1759376828.0
fac61b4a73b7,fac61b4a73b78486e7af6b3ffe4a813123559349,C:\Users\abhis\Desktop\P1\data\raw\hodge-301-multiple-generations-of-stars-in-the-tarantula-nebula_42928450612_o.jpg,hodge-301-multiple-generations-of-stars-in-the-tarantula-nebula_42928450612_o.jpg,JPEG,RGB,1076,1087,3,,,177345,1759403156.0
538996c289b2,538996c289b2d3a52904b4007fbd18a81e439029,C:\Users\abhis\Desktop\P1\data\raw\horsehead-nebula-miri_53686724794_o.png,horsehead-nebula-miri_53686724794_o.png,PNG,RGB,674,1043,3,,,3338609,1759403398.0
477e43afd80a,477e43afd80ac8e507448f1821643ac27be4ec60,C:\Users\abhis\Desktop\P1\data\raw\hubble-captures-galaxies-ghostly-gaze_50173857413_o.jpg,hubble-captures-galaxies-ghostly-gaze_50173857413_o.jpg,JPEG,RGB,1631,1767,3,,,2510122,1759376824.0
05b8fb844e0a,05b8fb844e0a37855af0ec36e2fc0402f8d408cc,C:\Users\abhis\Desktop\P1\data\raw\hubble-hunts-an-unusual-galaxy_52690607117_o.jpg,hubble-hunts-an-unusual-galaxy_52690607117_o.jpg,JPEG,RGB,3836,3620,3,,,4921782,1759376818.0
edad383e7b51,edad383e7b518505693c9c58594927bc54a712c2,C:\Users\abhis\Desktop\P1\data\raw\hubble-interacting-galaxy-ngc-6786_33692638518_o.jpg,hubble-interacting-galaxy-ngc-6786_33692638518_o.jpg,JPEG,RGB,3572,3572,3,,,1012635,1759376832.0
b141d2e260a8,b141d2e260a80aaef61e14d29f6147dbe75e7f0a,C:\Users\abhis\Desktop\P1\data\raw\ic-5332-hubble--webb_53515645344_o.png,ic-5332-hubble--webb_53515645344_o.png,PNG,RGB,1770,1886,3,,,6665586,1759403412.0
1e441d44e706,1e441d44e706e5ee17db6774e278d7f088f30c2a,C:\Users\abhis\Desktop\P1\data\raw\ic-5332-webb-image_53519198229_o.png,ic-5332-webb-image_53519198229_o.png,PNG,RGB,1770,1886,3,,,6672551,1759403412.0
a97fa737cbaa,a97fa737cbaade42501131bd69761c4f0837a62d,C:\Users\abhis\Desktop\P1\data\raw\interacting-galaxies-arp-142-miri-only_53851864526_o.png,interacting-galaxies-arp-142-miri-only_53851864526_o.png,PNG,RGB,1861,1231,3,,,2317514,1759403382.0
6c850be6b114,6c850be6b114da80d197b04b014e6c4f7e9c23cb,C:\Users\abhis\Desktop\P1\data\raw\interacting-galaxies-arp-142-nircam-only_53850956067_o.png,interacting-galaxies-arp-142-nircam-only_53850956067_o.png,PNG,RGB,4280,5977,3,,,32645825,1759403380.0
2edc78753011,2edc78753011e1320461b505e97034a2cd0e532a,C:\Users\abhis\Desktop\P1\data\raw\interacting-galaxies-ngc-3921_40618149913_o.jpg,interacting-galaxies-ngc-3921_40618149913_o.jpg,JPEG,RGB,4130,3954,3,,,1626291,1759376836.0
54cd0c5e58fe,54cd0c5e58fe66955ecb2949474785bc4d626c32,C:\Users\abhis\Desktop\P1\data\raw\interacting-galaxy-duo-arp-142_47561629561_o.jpg,interacting-galaxy-duo-arp-142_47561629561_o.jpg,JPEG,RGB,3368,4426,3,,,2005432,1759376828.0
fc1289e64902,fc1289e649026316821a25b6b45e259a88437925,C:\Users\abhis\Desktop\P1\data\raw\interacting-galaxy-eso-593-8_47516455492_o.jpg,interacting-galaxy-eso-593-8_47516455492_o.jpg,JPEG,RGB,2712,2712,3,,,675103,1759376832.0
2cb38cc8739b,2cb38cc8739b984fdc4a2e339c3ebf52aa4de0e9,C:\Users\abhis\Desktop\P1\data\raw\interacting-galaxy-group-arp-194_46838064514_o.jpg,interacting-galaxy-group-arp-194_46838064514_o.jpg,JPEG,RGB,1270,1522,3,,,234725,1759376830.0
f33456022932,f33456022932de669bb6db20fd09c3ef89bad682,C:\Users\abhis\Desktop\P1\data\raw\interacting-galaxy-ngc-1487_47584122451_o.jpg,interacting-galaxy-ngc-1487_47584122451_o.jpg,JPEG,RGB,1428,1170,3,,,182275,1759376836.0
296ad07c26e1,296ad07c26e1ebeb6915329e4ab3e04b922c2d4e,C:\Users\abhis\Desktop\P1\data\raw\interacting-galaxy-ngc-4485_46860109304_o.jpg,interacting-galaxy-ngc-4485_46860109304_o.jpg,JPEG,RGB,3512,1965,3,,,1286650,1759376834.0
cbcaf951365d,cbcaf951365d626bbd256d99fe44e56f86a984a9,C:\Users\abhis\Desktop\P1\data\raw\interacting-galaxy-pair-arp-87_47569350421_o.jpg,interacting-galaxy-pair-arp-87_47569350421_o.jpg,JPEG,RGB,2302,1176,3,,,263103,1759376826.0
e463214780cf,e463214780cfc09e15b696a8c338292743c7158f,C:\Users\abhis\Desktop\P1\data\raw\interacting-galaxy-suspect-ugc-3912_53512138043_o.jpg,interacting-galaxy-suspect-ugc-3912_53512138043_o.jpg,JPEG,RGB,3722,3973,3,,,9453352,1759376808.0
94310190a33f,94310190a33f10d39c40a34316897058bb8db393,C:\Users\abhis\Desktop\P1\data\raw\interacting-galaxy-system-ngc-6745_40608488093_o.jpg,interacting-galaxy-system-ngc-6745_40608488093_o.jpg,JPEG,RGB,755,726,3,,,37632,1759376834.0
e501f2ee8793,e501f2ee879321b2cfd48151e728ba5dd4e4d240,C:\Users\abhis\Desktop\P1\data\raw\interacting-galaxy-ugc-8335_46653987905_o.jpg,interacting-galaxy-ugc-8335_46653987905_o.jpg,JPEG,RGB,3053,3053,3,,,993597,1759376832.0
cfc778dec900,cfc778dec900968d18c6202dd3f0f612e541cddd,C:\Users\abhis\Desktop\P1\data\raw\investigating-the-origins-of-the-crab-nebula-with-nasas-webb_53797673729_o.png,investigating-the-origins-of-the-crab-nebula-with-nasas-webb_53797673729_o.png,PNG,RGB,2958,2569,3,,,12078063,1759403386.0
b60a652a76ea,b60a652a76ea9b41860d3596f9fe8b95f3a4e7e7,C:\Users\abhis\Desktop\P1\data\raw\lh63-cloaked-in-red_41167879710_o.jpg,lh63-cloaked-in-red_41167879710_o.jpg,JPEG,RGB,1502,739,3,,,186931,1759403156.0
482598cd15d6,482598cd15d6441ebca514b9b1c7f58583caec55,C:\Users\abhis\Desktop\P1\data\raw\liller-1_52477626758_o.jpg,liller-1_52477626758_o.jpg,JPEG,RGB,3474,1819,3,,,7095613,1759403136.0
4177539ea3a4,4177539ea3a4d2a116de1b5382cf4f0d55fa9d6e,C:\Users\abhis\Desktop\P1\data\raw\lopsided-spiral-ngc-2276_52688095545_o.jpg,lopsided-spiral-ngc-2276_52688095545_o.jpg,JPEG,RGB,3811,4081,3,,,15920335,1759376814.0
491dd01cb211,491dd01cb211bf3ac8bd829674a46aad594c00e9,C:\Users\abhis\Desktop\P1\data\raw\m12s-deceptive-serenity-hides-a-violent-past_42965697382_o.jpg,m12s-deceptive-serenity-hides-a-violent-past_42965697382_o.jpg,JPEG,RGB,3899,3708,3,,,2418882,1759403152.0
1658059e61b1,1658059e61b10887e60165e00f9b176c24ef1f48,C:\Users\abhis\Desktop\P1\data\raw\m28_29348821508_o.jpg,m28_29348821508_o.jpg,JPEG,RGB,3777,3777,3,,,12196067,1759403148.0
a3b93edc3c2a,a3b93edc3c2aa00eb70aa3bd67c56082c449490e,C:\Users\abhis\Desktop\P1\data\raw\m3_29348786858_o.jpg,m3_29348786858_o.jpg,JPEG,RGB,2074,2028,3,,,6444816,1759403148.0
c10248485cd0,c10248485cd05bb9a0f2a2df9557c926e0e1c368,C:\Users\abhis\Desktop\P1\data\raw\m62_43220655951_o.jpg,m62_43220655951_o.jpg,JPEG,RGB,1280,1334,3,,,3099557,1759403148.0
67ebbd029506,67ebbd029506993918be31323d08e8042830bcc1,C:\Users\abhis\Desktop\P1\data\raw\m75_42316136435_o.png,m75_42316136435_o.png,PNG,RGB,1280,960,3,,,2972076,1759403146.0
ffe1fd41e3da,ffe1fd41e3da61cab69cea4fc08b32b7cc062656,C:\Users\abhis\Desktop\P1\data\raw\m82-webb-nircam--longer-wavelengths_53628408242_o.png,m82-webb-nircam--longer-wavelengths_53628408242_o.png,PNG,RGB,2160,2146,3,,,5726937,1759403398.0
509d739aac9a,509d739aac9ab49b8cbca06d31b003bba6257ad3,C:\Users\abhis\Desktop\P1\data\raw\m82-webb-nircam--shorter-wavelengths_53629296711_o.png,m82-webb-nircam--shorter-wavelengths_53629296711_o.png,PNG,RGB,2160,2146,3,,,7071007,1759403398.0
37c2e863ee80,37c2e863ee80c50280f9390cdfafe162f7c00b91,C:\Users\abhis\Desktop\P1\data\raw\macs-j0416-chandrahubblewebb-composite_53849045752_o.jpg,macs-j0416-chandrahubblewebb-composite_53849045752_o.jpg,JPEG,RGB,4500,4151,3,,,22265471,1759403384.0
4b4c1c64053b,4b4c1c64053be1313332191cf95dfd5a8c37d1c4,C:\Users\abhis\Desktop\P1\data\raw\macs-j04175-1154-wide-field-plus-question-mark-galaxy-nircam_53970855226_o.png,macs-j04175-1154-wide-field-plus-question-mark-galaxy-nircam_53970855226_o.png,PNG,RGB,4623,4623,3,,,36852109,1759403372.0
f7a61d5c9544,f7a61d5c954463865c82edde4d0bdfd48ce291bd,C:\Users\abhis\Desktop\P1\data\raw\merged-galaxy-eso-185-ig013_53512141903_o.jpg,merged-galaxy-eso-185-ig013_53512141903_o.jpg,JPEG,RGB,2812,2644,3,,,3337461,1759376808.0
03e07b41d4fc,03e07b41d4fce96631b25583f4dd348b72d8f110,C:\Users\abhis\Desktop\P1\data\raw\merging-galaxies-am-0500-620_46845559994_o.jpg,merging-galaxies-am-0500-620_46845559994_o.jpg,JPEG,RGB,1669,1669,3,,,292197,1759376832.0
735f7c3b3afa,735f7c3b3afa957b97a768686695020f90834fbd,C:\Users\abhis\Desktop\P1\data\raw\merging-spiral-galaxy-ngc-7714_47561597141_o.jpg,merging-spiral-galaxy-ngc-7714_47561597141_o.jpg,JPEG,RGB,3269,2240,3,,,795739,1759376826.0
3e9e76f250e2,3e9e76f250e272f66e8f30f1705994774e0ffe14,C:\Users\abhis\Desktop\P1\data\raw\messier-107_43015324941_o.jpg,messier-107_43015324941_o.jpg,JPEG,RGB,4103,4189,3,,,3715854,1759403152.0
0c538b33113a,0c538b33113a0decb55476c55f0b4a5bf5d63e6e,C:\Users\abhis\Desktop\P1\data\raw\messier-72_42965478602_o.jpg,messier-72_42965478602_o.jpg,JPEG,RGB,4114,4114,3,,,2349919,1759403154.0
8048c59809f6,8048c59809f6b3ddf069de81e841e163da872527,C:\Users\abhis\Desktop\P1\data\raw\nasa-missions-spot-cosmic-wreath-displaying-stellar-circle-of-life_54213487373_o.jpg,nasa-missions-spot-cosmic-wreath-displaying-stellar-circle-of-life_54213487373_o.jpg,JPEG,RGB,5332,4622,3,,,33369480,1759403354.0
904bb33b9a54,904bb33b9a546be163a94410ea43f8e3eb6e2e35,C:\Users\abhis\Desktop\P1\data\raw\nasas-webb-captures-celestial-fireworks-around-forming-star_53830239416_o.png,nasas-webb-captures-celestial-fireworks-around-forming-star_53830239416_o.png,PNG,RGB,2160,1719,3,,,4538518,1759403384.0
2123f34d3745,2123f34d37454eec921d68bd2eb263af60ec7638,C:\Users\abhis\Desktop\P1\data\raw\nasas-webb-captures-dying-stars-final-performance-in-fine-detail_52211564001_o.png,nasas-webb-captures-dying-stars-final-performance-in-fine-detail_52211564001_o.png,PNG,RGB,1306,1133,3,,,1723869,1759403266.0
40ec5ba28379,40ec5ba283792ac698b28667bd2eeb6fdd6d259c,C:\Users\abhis\Desktop\P1\data\raw\nasas-webb-captures-dying-stars-final-performance-in-fine-detail_52212049510_o.png,nasas-webb-captures-dying-stars-final-performance-in-fine-detail_52212049510_o.png,PNG,RGB,4833,4501,3,,,22335994,1759403264.0
48c97e5bab15,48c97e5bab15acd2615dfc8784dba4f7cd0c6137,C:\Users\abhis\Desktop\P1\data\raw\nasas-webb-delivers-deepest-infrared-image-of-universe-yet_52210366419_o.png,nasas-webb-delivers-deepest-infrared-image-of-universe-yet_52210366419_o.png,PNG,RGB,4537,4630,3,,,29896732,1759403266.0
e95b2b506128,e95b2b5061281a7c37cd7938d51b350af0931928,C:\Users\abhis\Desktop\P1\data\raw\nasas-webb-finds-planet-forming-disks-lived-longer-in-early-universe_54208276236_o.png,nasas-webb-finds-planet-forming-disks-lived-longer-in-early-universe_54208276236_o.png,PNG,RGB,8026,8775,3,,,81898448,1759403356.0
5855a721a9bc,5855a721a9bc748d2d6e7cd3290aca5cb58d3fd9,C:\Users\abhis\Desktop\P1\data\raw\nasas-webb-hubble-examine-galaxy-pair_54107357754_o.png,nasas-webb-hubble-examine-galaxy-pair_54107357754_o.png,PNG,RGB,6353,2983,3,,,32106263,1759403362.0
f1a1c3157104,f1a1c31571040e667295e24e2f63c628553072f2,C:\Users\abhis\Desktop\P1\data\raw\nasas-webb-images-cold-exoplanet-12-light-years-away_53878708659_o.png,nasas-webb-images-cold-exoplanet-12-light-years-away_53878708659_o.png,PNG,RGB,2160,2160,3,,,4326084,1759403376.0
311ecf3d7d09,311ecf3d7d0999244b4362e9babcbd9dae640e2c,C:\Users\abhis\Desktop\P1\data\raw\nasas-webb-investigates-eternal-sunrises-sunsets-on-distant-world-artist-concept_53858833523_o.png,nasas-webb-investigates-eternal-sunrises-sunsets-on-distant-world-artist-concept_53858833523_o.png,PNG,RGB,3840,2160,3,,,10388241,1759403378.0
b1dc5adca92e,b1dc5adca92ed6cdd7179ce808df9cc2d61558bb,C:\Users\abhis\Desktop\P1\data\raw\nasas-webb-opens-new-window-on-supernova-science-nircam-image_53782948438_o.png,nasas-webb-opens-new-window-on-supernova-science-nircam-image_53782948438_o.png,PNG,RGB,12081,8481,3,,,141822967,1759403386.0
afe6b15e0673,afe6b15e0673eee0e5839cc0fda25491f814bd42,C:\Users\abhis\Desktop\P1\data\raw\nasas-webb-peers-into-the-extreme-outer-galaxy-nircam-and-miri_53989782746_o.png,nasas-webb-peers-into-the-extreme-outer-galaxy-nircam-and-miri_53989782746_o.png,PNG,RGB,3378,2474,3,,,10807703,1759403372.0
da40907dab79,da40907dab7913c3314e1a115175e0473ae6f108,C:\Users\abhis\Desktop\P1\data\raw\nasas-webb-reveals-cosmic-cliffs-glittering-landscape-of-star-birth_52211883534_o.png,nasas-webb-reveals-cosmic-cliffs-glittering-landscape-of-star-birth_52211883534_o.png,PNG,RGB,2000,1158,3,,,3487456,1759403260.0
2021b6ea7670,2021b6ea7670ece44096267716eaa5ab53c2d61e,C:\Users\abhis\Desktop\P1\data\raw\nasas-webb-reveals-cosmic-cliffs-glittering-landscape-of-star-birth_52211883799_o.png,nasas-webb-reveals-cosmic-cliffs-glittering-landscape-of-star-birth_52211883799_o.png,PNG,RGB,11264,3904,3,,,43640572,1759403260.0
a34937aed39c,a34937aed39c932d13201ce85cc8cd496150814d,C:\Users\abhis\Desktop\P1\data\raw\nasas-webb-reveals-distorted-galaxy-forming-cosmic-question-mark-nircam_53971042139_o.png,nasas-webb-reveals-distorted-galaxy-forming-cosmic-question-mark-nircam_53971042139_o.png,PNG,RGB,1651,1320,3,,,3725444,1759403372.0
44e79e85c9d9,44e79e85c9d9728089517b3ac98cfcc227aa4512,C:\Users\abhis\Desktop\P1\data\raw\nasas-webb-sheds-light-on-galaxy-evolution-black-holes_52210580092_o.png,nasas-webb-sheds-light-on-galaxy-evolution-black-holes_52210580092_o.png,PNG,RGB,12654,12132,3,,,190466969,1759403262.0
900169b51058,900169b51058d73b5e43c919d2b240ee03213f05,C:\Users\abhis\Desktop\P1\data\raw\nasas-webb-sheds-light-on-galaxy-evolution-black-holes_52211586681_o.png,nasas-webb-sheds-light-on-galaxy-evolution-black-holes_52211586681_o.png,PNG,RGB,2444,2049,3,,,4969073,1759403264.0
68e3328920c8,68e3328920c8ac1d4817d419a663ef9747da586d,C:\Users\abhis\Desktop\P1\data\raw\nearby-globular-cluster-ngc-6397_52440080904_o.jpg,nearby-globular-cluster-ngc-6397_52440080904_o.jpg,JPEG,RGB,4924,3693,3,,,7329469,1759403144.0
841661b1c1b4,841661b1c1b48a62cd3be25c233be610ed85da04,C:\Users\abhis\Desktop\P1\data\raw\ngc-1087-hubble--webb_53515511938_o.png,ngc-1087-hubble--webb_53515511938_o.png,PNG,RGB,1959,2099,3,,,6941348,1759403404.0
2eef4012e824,2eef4012e8241a8e76c6f3b436e21378147604fa,C:\Users\abhis\Desktop\P1\data\raw\ngc-1087_53495743976_o.png,ngc-1087_53495743976_o.png,PNG,RGB,1959,2099,3,,,6703158,1759403404.0
318b348ecba0,318b348ecba034d3b1717edf3e3159bce29862e0,C:\Users\abhis\Desktop\P1\data\raw\ngc-121--in-the-small-magellanic-cloud_42259360564_o.jpg,ngc-121--in-the-small-magellanic-cloud_42259360564_o.jpg,JPEG,RGB,3222,3148,3,,,2174263,1759403156.0
01f10d232d50,01f10d232d50936aed8ff7144af8581477c22714,C:\Users\abhis\Desktop\P1\data\raw\ngc-1300-hubble--webb_53515515908_o.png,ngc-1300-hubble--webb_53515515908_o.png,PNG,RGB,2000,1204,3,,,4517202,1759403404.0
0253426358e4,0253426358e41abdb27d01ac8cd4c12c8015b41e,C:\Users\abhis\Desktop\P1\data\raw\ngc-1300_53496155160_o.png,ngc-1300_53496155160_o.png,PNG,RGB,2000,1204,3,,,4344641,1759403404.0
f1a0545deba9,f1a0545deba9fe6b711e069023a4b91f5ed9145f,C:\Users\abhis\Desktop\P1\data\raw\ngc-1365-for-chandras-25th-anniversary-chandrawebb-composite_53876628304_o.jpg,ngc-1365-for-chandras-25th-anniversary-chandrawebb-composite_53876628304_o.jpg,JPEG,RGB,864,688,3,,,331725,1759403376.0
d8d58f077439,d8d58f07743978a77eecb8b90e4363cb0111545b,C:\Users\abhis\Desktop\P1\data\raw\ngc-1365-hubble--webb_53515783555_o.png,ngc-1365-hubble--webb_53515783555_o.png,PNG,RGB,2617,2085,3,,,8582990,1759403414.0
34c76f08c16e,34c76f08c16ebc673f8b33f3d3489bac3a3b3f77,C:\Users\abhis\Desktop\P1\data\raw\ngc-1365-webb-image_53517976747_o.png,ngc-1365-webb-image_53517976747_o.png,PNG,RGB,2617,2085,3,,,8990366,1759403414.0
2c5a9ba989fe,2c5a9ba989fef02bd3d0784db2615b915013494d,C:\Users\abhis\Desktop\P1\data\raw\ngc-1385-hubble--webb_53515354411_o.png,ngc-1385-hubble--webb_53515354411_o.png,PNG,RGB,1348,1963,3,,,4363528,1759403406.0
18a36d8ba926,18a36d8ba926235233e0f5cff410f3c181781bdb,C:\Users\abhis\Desktop\P1\data\raw\ngc-1385_53495789211_o.png,ngc-1385_53495789211_o.png,PNG,RGB,1348,1963,3,,,3913386,1759403406.0
d8022f6b7f1e,d8022f6b7f1ec568c44d972be681d7b3e647a57e,C:\Users\abhis\Desktop\P1\data\raw\ngc-1433-hubble--webb_53515358471_o.png,ngc-1433-hubble--webb_53515358471_o.png,PNG,RGB,2898,2048,3,,,9760826,1759403414.0
e1b3a47c0454,e1b3a47c0454ee3772e56d7e9757360279da1afc,C:\Users\abhis\Desktop\P1\data\raw\ngc-1433-webb-image_53514500052_o.png,ngc-1433-webb-image_53514500052_o.png,PNG,RGB,2898,2048,3,,,9828067,1759403414.0
1cc384a0fba4,1cc384a0fba43ead9c10301db3251d30eb495e2c,C:\Users\abhis\Desktop\P1\data\raw\ngc-1512-hubble--webb_53515681429_o.png,ngc-1512-hubble--webb_53515681429_o.png,PNG,RGB,3445,2088,3,,,12813562,1759403406.0
80f1534fd268,80f1534fd26844ced8aaf1113db7ec21adbb2e2d,C:\Users\abhis\Desktop\P1\data\raw\ngc-1512_53495930003_o.png,ngc-1512_53495930003_o.png,PNG,RGB,2000,1212,3,,,4739087,1759403406.0
51d6f346357d,51d6f346357d269b0efe3f3bc06c53bd49851f75,C:\Users\abhis\Desktop\P1\data\raw\ngc-1566-hubble--webb_53515228026_o.png,ngc-1566-hubble--webb_53515228026_o.png,PNG,RGB,2125,3461,3,,,12105681,1759403404.0
8278ffad649f,8278ffad649ff9067255126ef9c5238b5ed56bfa,C:\Users\abhis\Desktop\P1\data\raw\ngc-1566-webb_53496181260_o.png,ngc-1566-webb_53496181260_o.png,PNG,RGB,1228,2000,3,,,4123978,1759403404.0
5e01ef6ad8b2,5e01ef6ad8b250c7e8e4411998083d7e8c766210,C:\Users\abhis\Desktop\P1\data\raw\ngc-1672-hubble--webb_53515669680_o.png,ngc-1672-hubble--webb_53515669680_o.png,PNG,RGB,3605,1369,3,,,8092875,1759403408.0
6fec60b49ce1,6fec60b49ce1e49d161db1f970e8e103f48d7333,C:\Users\abhis\Desktop\P1\data\raw\ngc-1672_53495942608_o.png,ngc-1672_53495942608_o.png,PNG,RGB,2000,760,3,,,2355974,1759403406.0
da017e754b32,da017e754b326d33d3addbc7cb15250597ada66e,C:\Users\abhis\Desktop\P1\data\raw\ngc-1854-in-the-large-magellanic-cloud_28146811797_o.jpg,ngc-1854-in-the-large-magellanic-cloud_28146811797_o.jpg,JPEG,RGB,2923,1823,3,,,1175555,1759403152.0
bbf4a7e434c1,bbf4a7e434c1bbc97565dd9db131d40bdd1502e2,C:\Users\abhis\Desktop\P1\data\raw\ngc-2040-in-the-large-magellanic-cloud_41205723990_o.jpg,ngc-2040-in-the-large-magellanic-cloud_41205723990_o.jpg,JPEG,RGB,1075,1100,3,,,196545,1759403150.0
232c2c5810ea,232c2c5810ea659e94a49bef6f33d5dc1a159afe,C:\Users\abhis\Desktop\P1\data\raw\ngc-265_42967622891_o.jpg,ngc-265_42967622891_o.jpg,JPEG,RGB,1701,1701,3,,,661025,1759403158.0
98d53faf8c40,98d53faf8c409b3e278922f51df9756a741919c4,C:\Users\abhis\Desktop\P1\data\raw\ngc-2835-hubble--webb_53515419863_o.png,ngc-2835-hubble--webb_53515419863_o.png,PNG,RGB,1942,2044,3,,,6985830,1759403406.0
732998cd2d79,732998cd2d79f2a546fc019d550b258440a3a528,C:\Users\abhis\Desktop\P1\data\raw\ngc-2835_53494876902_o.png,ngc-2835_53494876902_o.png,PNG,RGB,1942,2044,3,,,6996506,1759403404.0
55ec6d922c06,55ec6d922c063792b5af5f491180e786e2528ced,C:\Users\abhis\Desktop\P1\data\raw\ngc-290_28100685887_o.jpg,ngc-290_28100685887_o.jpg,JPEG,RGB,1701,1701,3,,,702341,1759403158.0
0752c157961a,0752c157961aa2a37bf5a0dd8a163472ea57cdd0,C:\Users\abhis\Desktop\P1\data\raw\ngc-3324-for-chandras-25th-anniversary-chandrawebb-composite_53876623114_o.jpg,ngc-3324-for-chandras-25th-anniversary-chandrawebb-composite_53876623114_o.jpg,JPEG,RGB,864,657,3,,,228419,1759403376.0
3e7ca3431018,3e7ca3431018a16d6fa00898953937bd1b2a5d25,C:\Users\abhis\Desktop\P1\data\raw\ngc-3351-hubble--webb_53514371807_o.png,ngc-3351-hubble--webb_53514371807_o.png,PNG,RGB,2000,1171,3,,,3889397,1759403408.0
e1bc061d1656,e1bc061d1656466de40ff541d4656e82d56c430a,C:\Users\abhis\Desktop\P1\data\raw\ngc-3351-webb-image_53519307383_o.png,ngc-3351-webb-image_53519307383_o.png,PNG,RGB,3466,2030,3,,,10478454,1759403408.0
d65d0fcb7a67,d65d0fcb7a6717e8605d325830e0ed3e9709c1cf,C:\Users\abhis\Desktop\P1\data\raw\ngc-3603_42248302124_o.jpg,ngc-3603_42248302124_o.jpg,JPEG,RGB,3887,4004,3,,,2535015,1759403160.0
6e3dfc739d94,6e3dfc739d94f8522b692d0f3adda57b280eaec2,C:\Users\abhis\Desktop\P1\data\raw\ngc-3627-chandrawebbhubble-composite_53850188868_o.jpg,ngc-3627-chandrawebbhubble-composite_53850188868_o.jpg,JPEG,RGB,3300,1870,3,,,2745212,1759403384.0
54af6a54407b,54af6a54407b990d53f219f604745d162777802d,C:\Users\abhis\Desktop\P1\data\raw\ngc-3627-webb-image_53519304463_o.png,ngc-3627-webb-image_53519304463_o.png,PNG,RGB,1901,3355,3,,,9142748,1759403410.0
c9bf83743d5d,c9bf83743d5d823050b35120dd436ccbaa26ad72,C:\Users\abhis\Desktop\P1\data\raw\ngc-3627_53514395962_o.png,ngc-3627_53514395962_o.png,PNG,RGB,1133,2000,3,,,3835324,1759403410.0
dff71d08d3cb,dff71d08d3cbbe5a38debe5a0322203748dd397d,C:\Users\abhis\Desktop\P1\data\raw\ngc-376_52701320373_o.jpg,ngc-376_52701320373_o.jpg,JPEG,RGB,2682,1840,3,,,2233295,1759403132.0
02e9ead86cba,02e9ead86cba31dc4f66746886c792c7bb714aee,C:\Users\abhis\Desktop\P1\data\raw\ngc-411s-deceptive-appearance_41205726640_o.jpg,ngc-411s-deceptive-appearance_41205726640_o.jpg,JPEG,RGB,3675,2756,3,,,1735603,1759403150.0
2c89350159a3,2c89350159a3dcd0b89cdb23f59bf0c9d7d3ded5,C:\Users\abhis\Desktop\P1\data\raw\ngc-4254-hubble--webb_53515624269_o.png,ngc-4254-hubble--webb_53515624269_o.png,PNG,RGB,3473,1941,3,,,11715616,1759403408.0
830925342ae5,830925342ae52d28b9074e11fd2ca9b0cdb63338,C:\Users\abhis\Desktop\P1\data\raw\ngc-4254_53495965723_o.png,ngc-4254_53495965723_o.png,PNG,RGB,2000,1118,3,,,4243566,1759403408.0
42274cc5a7b0,42274cc5a7b0778830230767f4285d372faebf45,C:\Users\abhis\Desktop\P1\data\raw\ngc-4303-hubble-image_53515628129_o.png,ngc-4303-hubble-image_53515628129_o.png,PNG,RGB,1532,2066,3,,,5286923,1759403410.0
93bee596f7a5,93bee596f7a5b96f53ff96dd3380d915d4cb4b1b,C:\Users\abhis\Desktop\P1\data\raw\ngc-4303-webb-image_53518229247_o.png,ngc-4303-webb-image_53518229247_o.png,PNG,RGB,1532,2066,3,,,5037983,1759403410.0
594fe317a08f,594fe317a08fc1d3424a9ca7a9b6032b7ba4a2d8,C:\Users\abhis\Desktop\P1\data\raw\ngc-4321-hubble--webb_53515482113_o.png,ngc-4321-hubble--webb_53515482113_o.png,PNG,RGB,1682,2084,3,,,6454740,1759403410.0
3385fa47ef0c,3385fa47ef0cfbccecc6d81fa7ede1754771da20,C:\Users\abhis\Desktop\P1\data\raw\ngc-4321-webb-image_53518226212_o.png,ngc-4321-webb-image_53518226212_o.png,PNG,RGB,1682,2084,3,,,6157048,1759403410.0
c2932a9aab5d,c2932a9aab5d64fb5eed06ac52c392d025986cfa,C:\Users\abhis\Desktop\P1\data\raw\ngc-4449-miri_53755149416_o.jpg,ngc-4449-miri_53755149416_o.jpg,JPEG,RGB,1280,741,3,,,332652,1759403394.0
e3ad64b8c42a,e3ad64b8c42af2d052af3327f4252baf9064745b,C:\Users\abhis\Desktop\P1\data\raw\ngc-4449-nircam_53755149411_o.jpg,ngc-4449-nircam_53755149411_o.jpg,JPEG,RGB,1280,569,3,,,278194,1759403394.0
b7ab8253da0a,b7ab8253da0a3fd56f77d782061afbea73be9603,C:\Users\abhis\Desktop\P1\data\raw\ngc-4535-hubble--web_53515750525_o.png,ngc-4535-hubble--web_53515750525_o.png,PNG,RGB,1803,1869,3,,,5855885,1759403412.0
6f2da06a5085,6f2da06a5085882387e906c2ce0b29103f33f36a,C:\Users\abhis\Desktop\P1\data\raw\ngc-4535-webb-image_53519420679_o.png,ngc-4535-webb-image_53519420679_o.png,PNG,RGB,1803,1869,3,,,5792851,1759403410.0
ef7aec12675c,ef7aec12675cba54e670ece0197cdadc4f696ddf,C:\Users\abhis\Desktop\P1\data\raw\ngc-5068-hubble--webb_53515489853_o.png,ngc-5068-hubble--webb_53515489853_o.png,PNG,RGB,2000,1119,3,,,4574672,1759403412.0
cee1a962f181,cee1a962f181339963b5b6982f6780802bc06f2f,C:\Users\abhis\Desktop\P1\data\raw\ngc-5068-webb-image_53518194372_o.png,ngc-5068-webb-image_53518194372_o.png,PNG,RGB,3457,1934,3,,,11993548,1759403412.0
c899a2de3d79,c899a2de3d79a937cf6b14b438dad3d052cb196b,C:\Users\abhis\Desktop\P1\data\raw\ngc-5335-35th-anniversary-image_54470898731_o.jpg,ngc-5335-35th-anniversary-image_54470898731_o.jpg,JPEG,RGB,4076,4040,3,,,8043435,1759395044.0
50aa959af54a,50aa959af54add2116408583194c874e12e2e58b,C:\Users\abhis\Desktop\P1\data\raw\ngc-5468-webb-nircam--hubble-wfc3_53583501699_o.png,ngc-5468-webb-nircam--hubble-wfc3_53583501699_o.png,PNG,RGB,3214,3233,3,,,16922044,1759403400.0
d8f79eaaea28,d8f79eaaea28342d1b0d2f7d0dc1c41ac10e00d5,C:\Users\abhis\Desktop\P1\data\raw\ngc-628-webb--hubble_53494754132_o.png,ngc-628-webb--hubble_53494754132_o.png,PNG,RGBA,1150,717,4,,,2163921,1759403402.0
2bfcf46d0124,2bfcf46d0124cb19eaeb5a8dd1687fa8e0facfa0,C:\Users\abhis\Desktop\P1\data\raw\ngc-628_53495801363_o.png,ngc-628_53495801363_o.png,PNG,RGB,3124,1956,3,,,11238720,1759403402.0
422df497f07d,422df497f07d4f035d0970bda6816a93f7ff603e,C:\Users\abhis\Desktop\P1\data\raw\ngc-6355_52701084449_o.jpg,ngc-6355_52701084449_o.jpg,JPEG,RGB,1930,1137,3,,,3611253,1759403130.0
414f8758930b,414f8758930bf27dbdd09b57dcc1124167bff004,C:\Users\abhis\Desktop\P1\data\raw\ngc-6362s-unexpected-population-of-young-looking-stars_29143692668_o.jpg,ngc-6362s-unexpected-population-of-young-looking-stars_29143692668_o.jpg,JPEG,RGB,3061,3061,3,,,1738595,1759403150.0
b24803bc37de,b24803bc37dedd5bf583ff20a2ab55d3a5e66b88,C:\Users\abhis\Desktop\P1\data\raw\ngc-6397_42075976445_o.jpg,ngc-6397_42075976445_o.jpg,JPEG,RGB,2500,2566,3,,,827823,1759403158.0
801f2d549ca4,801f2d549ca4ebd809df5fb5e504c8a63f0b0215,C:\Users\abhis\Desktop\P1\data\raw\ngc-6401_43015086791_o.jpg,ngc-6401_43015086791_o.jpg,JPEG,RGB,3938,1802,3,,,1660045,1759403154.0
9d4278022c35,9d4278022c3579793cbc17ab37344edc7cfc7bb7,C:\Users\abhis\Desktop\P1\data\raw\ngc-6544_53438185218_o.jpg,ngc-6544_53438185218_o.jpg,JPEG,RGB,5020,3789,3,,,22248982,1759403128.0
de6db1d0155f,de6db1d0155f647a90712d4b34e915030dc354b4,C:\Users\abhis\Desktop\P1\data\raw\ngc-6611-stellar-powerhouses-in-the-eagle-nebula_42965700062_o.jpg,ngc-6611-stellar-powerhouses-in-the-eagle-nebula_42965700062_o.jpg,JPEG,RGB,3847,4120,3,,,1352664,1759403152.0
964eb3c26774,964eb3c26774c0e92a753cd043af259ba022859f,C:\Users\abhis\Desktop\P1\data\raw\ngc-6638-a-star-studded-skyfield_52477490605_o.jpg,ngc-6638-a-star-studded-skyfield_52477490605_o.jpg,JPEG,RGB,2611,2516,3,,,7203624,1759403140.0
eff1d3c42462,eff1d3c42462392170b7fa9a2b5b99607038af0f,C:\Users\abhis\Desktop\P1\data\raw\ngc-6652_53437045997_o.jpg,ngc-6652_53437045997_o.jpg,JPEG,RGB,3708,3774,3,,,15469159,1759403128.0
7caf1048e287,7caf1048e287ae9eb2a7ca6e290539c6297782a8,C:\Users\abhis\Desktop\P1\data\raw\ngc-7469-for-chandras-25th-anniversary-chandrawebbhubble-composite_53876605450_o.jpg,ngc-7469-for-chandras-25th-anniversary-chandrawebbhubble-composite_53876605450_o.jpg,JPEG,RGB,864,864,3,,,221240,1759403376.0
d2c0d7adc5c5,d2c0d7adc5c5f7aa159bf3abca5d0c0425bf2aff,C:\Users\abhis\Desktop\P1\data\raw\ngc-7496-hubble--webb_53515657344_o.png,ngc-7496-hubble--webb_53515657344_o.png,PNG,RGB,1832,2064,3,,,6369474,1759403414.0
1d6a60ab3b45,1d6a60ab3b454b6e1ec3a48f5a22becec90f9c00,C:\Users\abhis\Desktop\P1\data\raw\ngc-7496-webb-image_53519189499_o.png,ngc-7496-webb-image_53519189499_o.png,PNG,RGB,1832,2064,3,,,6252054,1759403412.0
8492c004457e,8492c004457ec3bf3ac600dde86fa4f11d50fca8,C:\Users\abhis\Desktop\P1\data\raw\open-cluster-kmhk-1231-amid-ripples-of-gas-and-dust_52514386237_o.jpg,open-cluster-kmhk-1231-amid-ripples-of-gas-and-dust_52514386237_o.jpg,JPEG,RGB,1975,3413,3,,,5818633,1759403136.0
510faf727399,510faf727399b7466005b7795c96b1e900b06014,C:\Users\abhis\Desktop\P1\data\raw\open-cluster-ngc-1858_52514597517_o.jpg,open-cluster-ngc-1858_52514597517_o.jpg,JPEG,RGB,3662,1955,3,,,7587923,1759403136.0
e171a37d2413,e171a37d2413471f0186b8993d7d716bc37011c0,C:\Users\abhis\Desktop\P1\data\raw\open-cluster-ngc-299_42297584734_o.jpg,open-cluster-ngc-299_42297584734_o.jpg,JPEG,RGB,2453,1807,3,,,780873,1759403150.0
80b93d69da06,80b93d69da061356a783fc969e4703b2ee98192e,C:\Users\abhis\Desktop\P1\data\raw\open-cluster-ngc-330_52474372177_o.jpg,open-cluster-ngc-330_52474372177_o.jpg,JPEG,RGB,3865,3687,3,,,11557927,1759403142.0
c78a23898d93,c78a23898d934b1fa84106338fa1dc6cf61a910b,C:\Users\abhis\Desktop\P1\data\raw\orion-nebula-chandrawebb-composite_53849921521_o.jpg,orion-nebula-chandrawebb-composite_53849921521_o.jpg,JPEG,RGB,3000,2996,3,,,3123457,1759403382.0
7a31cf89a3c4,7a31cf89a3c422ffc8832ce1e3e03582fd43cd4c,C:\Users\abhis\Desktop\P1\data\raw\orion-nebula-for-chandras-25th-anniversary-chandrawebb-composite_53875246097_o.jpg,orion-nebula-for-chandras-25th-anniversary-chandrawebb-composite_53875246097_o.jpg,JPEG,RGB,864,1104,3,,,291288,1759403378.0
f35a6e4528b6,f35a6e4528b652030bb8c2473d774edd64c0487f,C:\Users\abhis\Desktop\P1\data\raw\orion-nebula-for-chandras-25th-anniversary-chandrawebb-composite_53876484333_o.jpg,orion-nebula-for-chandras-25th-anniversary-chandrawebb-composite_53876484333_o.jpg,JPEG,RGB,864,628,3,,,308158,1759403376.0
c04ad818eeb1,c04ad818eeb1903848950a05ac23fef658f5cdd6,C:\Users\abhis\Desktop\P1\data\raw\palomar-12_43015089201_o.jpg,palomar-12_43015089201_o.jpg,JPEG,RGB,3730,4070,3,,,1629182,1759403154.0
6195fbdf0247,6195fbdf02474ca3fe5911deb335ec1bae8bdf04,C:\Users\abhis\Desktop\P1\data\raw\peculiar-galactic-pair-arp-298_52691793375_o.jpg,peculiar-galactic-pair-arp-298_52691793375_o.jpg,JPEG,RGB,4792,3881,3,,,10087058,1759376820.0
c693821b2bf9,c693821b2bf9408a869b56565e1bc4aaf409919d,C:\Users\abhis\Desktop\P1\data\raw\peculiar-galaxy-ngc-3256_47531112402_o.jpg,peculiar-galaxy-ngc-3256_47531112402_o.jpg,JPEG,RGB,3948,3978,3,,,2012381,1759376834.0
958b65b24b24,958b65b24b24d1592fe3627f63179a0b6b42f68b,C:\Users\abhis\Desktop\P1\data\raw\peeking-into-perseus-ngc-1333_53951942710_o.png,peeking-into-perseus-ngc-1333_53951942710_o.png,PNG,RGB,4000,3271,3,,,32481191,1759403372.0
ac9d7d58a07f,ac9d7d58a07f30b3852c54b618c2f38dca870691,C:\Users\abhis\Desktop\P1\data\raw\peering-into-the-tendrils-of-ngc-604-with-nasas-webb_53576412777_o.png,peering-into-the-tendrils-of-ngc-604-with-nasas-webb_53576412777_o.png,PNG,RGB,4159,3374,3,,,19189342,1759403400.0
29a610b52652,29a610b52652aafc4cb67807ad6c590874ebfe47,C:\Users\abhis\Desktop\P1\data\raw\peering-into-the-tendrils-of-ngc-604-with-nasas-webb_53577720515_o.png,peering-into-the-tendrils-of-ngc-604-with-nasas-webb_53577720515_o.png,PNG,RGB,3562,3024,3,,,9443839,1759403400.0
7b02bae54edf,7b02bae54edff2354c4bd90a15e7ba2c6f33c793,C:\Users\abhis\Desktop\P1\data\raw\perfect-10-galaxy-pair-arp-147_40600859813_o.jpg,perfect-10-galaxy-pair-arp-147_40600859813_o.jpg,JPEG,RGB,1457,1201,3,,,181338,1759376830.0
5e496aa4b2a3,5e496aa4b2a38c318d1e2770c41b32b06aa76b01,C:\Users\abhis\Desktop\P1\data\raw\pillars-of-creation-m16-for-chandras-25th-anniversary-chandrawebb-composite_53876176351_o.jpg,pillars-of-creation-m16-for-chandras-25th-anniversary-chandrawebb-composite_53876176351_o.jpg,JPEG,RGB,864,814,3,,,351243,1759403376.0
d4fef2866445,d4fef2866445198cd18ff9ec47a2f094dda92d5e,C:\Users\abhis\Desktop\P1\data\raw\pipeline-funnels-matter-between-colliding-galaxies-ngc-1410-and-ngc-1409_46658939295_o.jpg,pipeline-funnels-matter-between-colliding-galaxies-ngc-1410-and-ngc-1409_46658939295_o.jpg,JPEG,RGB,1147,827,3,,,75466,1759376834.0
d416c2249969,d416c22499694cc803019f910530f9c372985221,C:\Users\abhis\Desktop\P1\data\raw\pismis-24_41167963600_o.jpg,pismis-24_41167963600_o.jpg,JPEG,RGB,3140,5057,3,,,2024865,1759403156.0
af3c446e611e,af3c446e611e503b779eac6ddc14b0439b06afcf,C:\Users\abhis\Desktop\P1\data\raw\planetary-nebula-ngc-2899-35th-anniversary-image_54471166208_o.jpg,planetary-nebula-ngc-2899-35th-anniversary-image_54471166208_o.jpg,JPEG,RGB,3900,3894,3,,,7678127,1759395044.0
7d052319e655,7d052319e6556759ec8866cad60afb1cb3455c45,C:\Users\abhis\Desktop\P1\data\raw\polar-ring-galaxy-ngc-4650a_46659141235_o.jpg,polar-ring-galaxy-ngc-4650a_46659141235_o.jpg,JPEG,RGB,683,1462,3,,,145934,1759376834.0
2ee434f39145,2ee434f39145350238491ee43f7eeff94c29685b,C:\Users\abhis\Desktop\P1\data\raw\rediscovered-renamed-reclassified-cluster-ngc-6380_52475402278_o.jpg,rediscovered-renamed-reclassified-cluster-ngc-6380_52475402278_o.jpg,JPEG,RGB,3865,2996,3,,,12222106,1759403144.0
ad5d4fb802f5,ad5d4fb802f58e9d1033a06e4e5fcf46f0ff83c5,C:\Users\abhis\Desktop\P1\data\raw\rho-ophiuchi-composite-chandrawebb-composite_53849910476_o.jpg,rho-ophiuchi-composite-chandrawebb-composite_53849910476_o.jpg,JPEG,RGB,5400,5765,3,,,5648177,1759403382.0
64cb3c0ad152,64cb3c0ad152915388db35e20b039f600eb6e4c3,C:\Users\abhis\Desktop\P1\data\raw\ring-galaxy-ngc-922_47508756782_o.jpg,ring-galaxy-ngc-922_47508756782_o.jpg,JPEG,RGB,3291,3291,3,,,1791129,1759376828.0
d8dd53ef6e95,d8dd53ef6e951afed6acf963f172dfe089716be6,C:\Users\abhis\Desktop\P1\data\raw\scintillating-globular-cluster-ngc-6540_52477271224_o.jpg,scintillating-globular-cluster-ngc-6540_52477271224_o.jpg,JPEG,RGB,2896,2589,3,,,6974804,1759403140.0
d22ba3ee82cd,d22ba3ee82cddb5b6f32a7e1974f98228c3ff696,C:\Users\abhis\Desktop\P1\data\raw\side-by-side-galaxies-arp140_53498699424_o.jpg,side-by-side-galaxies-arp140_53498699424_o.jpg,JPEG,RGB,3196,1980,3,,,3094812,1759376812.0
0e95ba25d499,0e95ba25d499795b82786d897cdd3ce1be8acc17,C:\Users\abhis\Desktop\P1\data\raw\sn-1987a-for-chandras-25th-anniversary-chandrawebbhubble-composite_53876287721_o.jpg,sn-1987a-for-chandras-25th-anniversary-chandrawebbhubble-composite_53876287721_o.jpg,JPEG,RGB,864,715,3,,,233793,1759403376.0
043ae831ff27,043ae831ff2738a1e89752b63e287976fa124ad6,C:\Users\abhis\Desktop\P1\data\raw\space-triangle-arp-143_52687664146_o.jpg,space-triangle-arp-143_52687664146_o.jpg,JPEG,RGB,3963,2642,3,,,7788840,1759376816.0
3295e1dc0cad,3295e1dc0cad4ce33d3305941d30f372a6fab4fa,C:\Users\abhis\Desktop\P1\data\raw\sparkling-galaxy-pair-ngc-5410_53498837575_o.jpg,sparkling-galaxy-pair-ngc-5410_53498837575_o.jpg,JPEG,RGB,3898,4000,3,,,7053340,1759376810.0
cec44007eb78,cec44007eb78dca4cf4c04e4e9bad952bbf87e64,C:\Users\abhis\Desktop\P1\data\raw\sparkling-spray-of-stars-in-ngc-2660_52514593852_o.jpg,sparkling-spray-of-stars-in-ngc-2660_52514593852_o.jpg,JPEG,RGB,4826,4932,3,,,18036640,1759403134.0
5969bc7a4c3e,5969bc7a4c3e762a93f31faa2d500047a2c2ccf8,C:\Users\abhis\Desktop\P1\data\raw\spinning-spiral-eso-420-g013_53498581918_o.jpg,spinning-spiral-eso-420-g013_53498581918_o.jpg,JPEG,RGB,3502,3396,3,,,4659580,1759376810.0
32e00f5fd1ed,32e00f5fd1ed23b8b0b4f4dcf44ba41e61418466,C:\Users\abhis\Desktop\P1\data\raw\star-clusters-in-the-cosmic-gems-arc-cropped_53820082038_o.jpg,star-clusters-in-the-cosmic-gems-arc-cropped_53820082038_o.jpg,JPEG,RGB,426,430,3,,,65366,1759403386.0
777fc8a5087e,777fc8a5087ebd6164dcc0c4de5353f9a81b250e,C:\Users\abhis\Desktop\P1\data\raw\star-forming-region-lh-95_28098134687_o.jpg,star-forming-region-lh-95_28098134687_o.jpg,JPEG,RGB,3622,3877,3,,,2179363,1759403160.0
b30297470d52,b30297470d523b67ddebf3075050e7c8280a1bf0,C:\Users\abhis\Desktop\P1\data\raw\star-studded-cluster-ngc-6440_53691677609_o.jpg,star-studded-cluster-ngc-6440_53691677609_o.jpg,JPEG,RGB,3597,2300,3,,,5008007,1759403396.0
ccf43cd695a2,ccf43cd695a2577ec9e6107b7150dab3f824eeb5,C:\Users\abhis\Desktop\P1\data\raw\starburst-cluster-in-nebula-ngc-3603_42928397292_o.jpg,starburst-cluster-in-nebula-ngc-3603_42928397292_o.jpg,JPEG,RGB,1483,1504,3,,,176224,1759403156.0
184b0de4a495,184b0de4a49504b01c97c068297fc44a98a37f23,C:\Users\abhis\Desktop\P1\data\raw\stargazing-in-ngc-6355_53438548446_o.jpg,stargazing-in-ngc-6355_53438548446_o.jpg,JPEG,RGB,3769,2220,3,,,10913352,1759403130.0
79134f4be430,79134f4be430b2d6c8b8ec0624d44da44b55b639,C:\Users\abhis\Desktop\P1\data\raw\starry-splendor-in-the-core-of-omega-centauri_41156547670_o.jpg,starry-splendor-in-the-core-of-omega-centauri_41156547670_o.jpg,JPEG,RGB,11936,10891,3,,,40759940,1759403160.0
6807874de461,6807874de461ec7cfbbf0c0930c9fe1d72129a1d,C:\Users\abhis\Desktop\P1\data\raw\starstruck-in-terzan-4_52474441382_o.jpg,starstruck-in-terzan-4_52474441382_o.jpg,JPEG,RGB,2611,2888,3,,,8763101,1759403142.0
cb13f76fd0e8,cb13f76fd0e81724de63a260a01a7150e0bd6313,C:\Users\abhis\Desktop\P1\data\raw\stellar-snowflakes_50338289717_o.jpg,stellar-snowflakes_50338289717_o.jpg,JPEG,RGB,3643,3660,3,,,15775986,1759403144.0
83932b206fc3,83932b206fc391dd3ce1a86ccd658e56637a3792,C:\Users\abhis\Desktop\P1\data\raw\stellar-swarm-in-ngc-6440_52515287351_o.jpg,stellar-swarm-in-ngc-6440_52515287351_o.jpg,JPEG,RGB,3767,1974,3,,,6409664,1759403132.0
371955b4b261,371955b4b2615c92b76517524d54dd383e2e1c76,C:\Users\abhis\Desktop\P1\data\raw\stephans-quintet_47561806991_o.jpg,stephans-quintet_47561806991_o.jpg,JPEG,RGB,6064,6760,3,,,56718243,1759376828.0
abd715c0d74d,abd715c0d74d6a24b2b550a171e9b8f84285909c,C:\Users\abhis\Desktop\P1\data\raw\tangled-galaxy-ngc-6240_47531193762_o.jpg,tangled-galaxy-ngc-6240_47531193762_o.jpg,JPEG,RGB,3468,3468,3,,,951143,1759376836.0
9a171fe83de0,9a171fe83de06c6533b84b90c55438a5ab983e64,C:\Users\abhis\Desktop\P1\data\raw\terzan-1-a-home-for-old-stars_41168017090_o.jpg,terzan-1-a-home-for-old-stars_41168017090_o.jpg,JPEG,RGB,1079,920,3,,,262834,1759403154.0
00159c130096,00159c130096e6fc4a59b3c0bafa7ca28578214c,C:\Users\abhis\Desktop\P1\data\raw\terzan-1-revisited_52440382783_o.jpg,terzan-1-revisited_52440382783_o.jpg,JPEG,RGB,2891,2298,3,,,6979855,1759403144.0
7390efda1817,7390efda181713abed22d7bebbfe10f675d861e3,C:\Users\abhis\Desktop\P1\data\raw\the-ancient-stars-of-m56_41205086890_o.jpg,the-ancient-stars-of-m56_41205086890_o.jpg,JPEG,RGB,4178,4275,3,,,3485987,1759403154.0
4907a4160917,4907a41609173b62c25b385e3d6c5163af3ca191,C:\Users\abhis\Desktop\P1\data\raw\the-antennae-galaxies_47508827662_o.jpg,the-antennae-galaxies_47508827662_o.jpg,JPEG,RGB,3915,3885,3,,,15349483,1759376826.0
88c701628655,88c701628655ecbfbd2f1bea682f8197d3521c94,C:\Users\abhis\Desktop\P1\data\raw\the-cartwheel-galaxy_47574781491_o.jpg,the-cartwheel-galaxy_47574781491_o.jpg,JPEG,RGB,641,523,3,,,51105,1759376834.0
ad7d50f6aa2f,ad7d50f6aa2fcb6ce8e4b552726dadb25d5e9d83,C:\Users\abhis\Desktop\P1\data\raw\the-core-of-ngc-6642_29143689728_o.jpg,the-core-of-ngc-6642_29143689728_o.jpg,JPEG,RGB,1941,2003,3,,,825877,1759403150.0
b6a60516d363,b6a60516d36352fa5dcacb3a563094ff29584976,C:\Users\abhis\Desktop\P1\data\raw\the-crab-nebula-webbchandra-composite_53766524066_o.jpg,the-crab-nebula-webbchandra-composite_53766524066_o.jpg,JPEG,RGB,864,755,3,,,309826,1759403390.0
a0a09c8994b6,a0a09c8994b61594223639bfbb732a2579bee3ef,C:\Users\abhis\Desktop\P1\data\raw\the-exotic-stellar-population-of-westerlund-1-nircam_54043097600_o.jpg,the-exotic-stellar-population-of-westerlund-1-nircam_54043097600_o.jpg,JPEG,RGB,1280,836,3,,,434176,1759403366.0
d178ca96c194,d178ca96c1940612311dd25501ee62579f2c3a4c,C:\Users\abhis\Desktop\P1\data\raw\the-glittering-stars-of-messier-92_42978012211_o.jpg,the-glittering-stars-of-messier-92_42978012211_o.jpg,JPEG,RGB,4167,4090,3,,,3377102,1759403156.0
f6ed1807138d,f6ed1807138dce13dbe20d2f6e7ca542ccb15858,C:\Users\abhis\Desktop\P1\data\raw\the-hidden-intricacies-of-messier-106_53912178488_o.jpg,the-hidden-intricacies-of-messier-106_53912178488_o.jpg,JPEG,RGB,7605,9634,3,,,28349506,1759403374.0
f347a8e79660,f347a8e7966097d244b4f9d316281d01a8c7551d,C:\Users\abhis\Desktop\P1\data\raw\the-mice_47521445822_o.jpg,the-mice_47521445822_o.jpg,JPEG,RGB,4428,4257,3,,,1051997,1759376832.0
529ff776931b,529ff776931bf677d189e6c83fff14fb1d62e332,C:\Users\abhis\Desktop\P1\data\raw\the-tadpole-galaxy_46658810965_o.jpg,the-tadpole-galaxy_46658810965_o.jpg,JPEG,RGB,3806,4160,3,,,1968509,1759376832.0
5af401545256,5af401545256648907a3d3217919bb1ce85d5448,C:\Users\abhis\Desktop\P1\data\raw\tracing-spiral-arms-in-infrared_54167157727_o.jpg,tracing-spiral-arms-in-infrared_54167157727_o.jpg,JPEG,RGB,1280,1218,3,,,360672,1759403360.0
a8bab66889ee,a8bab66889eed95afc3111f3aac4fe73732ea062,C:\Users\abhis\Desktop\P1\data\raw\trapezium-cluster-in-the-orion-nebula_42259473524_o.jpg,trapezium-cluster-in-the-orion-nebula_42259473524_o.jpg,JPEG,RGB,700,701,3,,,45761,1759403156.0
d578574ad4db,d578574ad4dbdbb7f6fb831c511dc2995d3d2316,C:\Users\abhis\Desktop\P1\data\raw\trumpler-14_42065355465_o.jpg,trumpler-14_42065355465_o.jpg,JPEG,RGB,5200,2500,3,,,1092751,1759403160.0
15d4d643dbf0,15d4d643dbf041b5986c9b33055d03a6474917af,C:\Users\abhis\Desktop\P1\data\raw\twinkling-open-cluster-ngc-2002_52515560160_o.jpg,twinkling-open-cluster-ngc-2002_52515560160_o.jpg,JPEG,RGB,3818,1933,3,,,5703101,1759403134.0
2dd2232f89f8,2dd2232f89f897f84a748cf2990853309185cdbf,C:\Users\abhis\Desktop\P1\data\raw\unique-cluster-palomar-2_42297247724_o.jpg,unique-cluster-palomar-2_42297247724_o.jpg,JPEG,RGB,4146,3865,3,,,3067807,1759403150.0
5f921ef515bd,5f921ef515bd87fa01a48658194388ff636bcbad,C:\Users\abhis\Desktop\P1\data\raw\unusual-globular-cluster-messier-71_43016043161_o.jpg,unusual-globular-cluster-messier-71_43016043161_o.jpg,JPEG,RGB,4033,4073,3,,,1931173,1759403148.0
e1efe45d55e9,e1efe45d55e93ad90adc94e3cd2b5651555c4647,C:\Users\abhis\Desktop\P1\data\raw\vivid-portrait-of-interacting-galaxies-marks-webbs-second-anniversary-nircam-and-miri_53852202289_o.png,vivid-portrait-of-interacting-galaxies-marks-webbs-second-anniversary-nircam-and-miri_53852202289_o.png,PNG,RGB,4280,5977,3,,,32604281,1759403378.0
c41c5fa13c76,c41c5fa13c76405beb67518f0bb9fd47a4d3cb69,C:\Users\abhis\Desktop\P1\data\raw\warped-edge-on-galaxy-eso-510-g13_46659104315_o.jpg,warped-edge-on-galaxy-eso-510-g13_46659104315_o.jpg,JPEG,RGB,1435,732,3,,,93876,1759376834.0
75c1ef3faed1,75c1ef3faed1c45f873f265d45399592e8d705c2,C:\Users\abhis\Desktop\P1\data\raw\webb-captures-top-of-iconic-horsehead-nebula-in-unprecedented-detail-nircam_53686360156_o.png,webb-captures-top-of-iconic-horsehead-nebula-in-unprecedented-detail-nircam_53686360156_o.png,PNG,RGB,4159,4187,3,,,21530606,1759403398.0
858808117c8f,858808117c8f5e429b7ad845b6d8c8cf0c25c95b,C:\Users\abhis\Desktop\P1\data\raw\webb-finds-candidates-for-first-young-brown-dwarfs-outside-the-milky-way_54088897300_o.png,webb-finds-candidates-for-first-young-brown-dwarfs-outside-the-milky-way_54088897300_o.png,PNG,RGB,4000,2616,3,,,26843373,1759403364.0
2a64ffb9c417,2a64ffb9c417b79de2b0cf18218c50b47bc9e1d8,C:\Users\abhis\Desktop\P1\data\raw\webb-finds-early-galaxies-werent-too-big-for-their-britches-after-all_53949426179_o.png,webb-finds-early-galaxies-werent-too-big-for-their-britches-after-all_53949426179_o.png,PNG,RGB,8448,4088,3,,,51880904,1759403374.0
ce950273bc93,ce950273bc9313227f74f73500dded0beb622d6f,C:\Users\abhis\Desktop\P1\data\raw\webb-finds-surprises-in-spiderweb-protocluster-field_54183500660_o.jpg,webb-finds-surprises-in-spiderweb-protocluster-field_54183500660_o.jpg,JPEG,RGB,11699,7326,3,,,32694913,1759403360.0
f0ed04542162,f0ed04542162e08d8de557a1baa9065a7c898e2f,C:\Users\abhis\Desktop\P1\data\raw\webb-unlocks-secrets-of-one-of-the-most-distant-galaxies-ever-seen-goods-north-field-nircam-image-unannotated_53567451213_o.png,webb-unlocks-secrets-of-one-of-the-most-distant-galaxies-ever-seen-goods-north-field-nircam-image-unannotated_53567451213_o.png,PNG,RGB,4049,1961,3,,,10676368,1759403400.0
dfeb1c7f6b2b,dfeb1c7f6b2bfc3be963ebe87240194ac243a96e,C:\Users\abhis\Desktop\P1\data\raw\white-dwarfs-in-globular-cluster-ngc-6397_42297587124_o.jpg,white-dwarfs-in-globular-cluster-ngc-6397_42297587124_o.jpg,JPEG,RGB,5066,3750,3,,,1995361,1759403150.0
70a8652eea38,70a8652eea38ddba89ebafd5aacdc34f5f8cfa01,C:\Users\abhis\Desktop\P1\data\raw\wr-124-for-chandras-25th-anniversary-chandrawebbherschelspitzerwise-composite_53876457898_o.jpg,wr-124-for-chandras-25th-anniversary-chandrawebbherschelspitzerwise-composite_53876457898_o.jpg,JPEG,RGB,864,851,3,,,373348,1759403376.0
a4cccc7ed6db,a4cccc7ed6db9a5f97121e591ad33af7d96843f2,C:\Users\abhis\Desktop\P1\data\raw\year-10-abell-2218_52717776676_o.jpg,year-10-abell-2218_52717776676_o.jpg,JPEG,RGB,3109,1587,3,,,7803983,1759395060.0
76eaeffc908d,76eaeffc908de5ddf20433a733788b3787d03b88,C:\Users\abhis\Desktop\P1\data\raw\year-13-seyferts-sextet_52718243755_o.jpg,year-13-seyferts-sextet_52718243755_o.jpg,JPEG,RGB,1500,1405,3,,,705236,1759395058.0
b2e948c9c674,b2e948c9c6741e9d86f6c24e7c5773b69bb63650,C:\Users\abhis\Desktop\P1\data\raw\year-16-crab-nebula_52717339847_o.jpg,year-16-crab-nebula_52717339847_o.jpg,JPEG,RGB,3864,3864,3,,,15308773,1759395056.0
9eab7a860704,9eab7a86070455ee2cc767e476a6bf1b0bbdbdd6,C:\Users\abhis\Desktop\P1\data\raw\year-17-v838-monocerotis_52718138069_o.jpg,year-17-v838-monocerotis_52718138069_o.jpg,JPEG,RGB,2976,3323,3,,,5281730,1759395056.0
f0ec40e6ea57,f0ec40e6ea575c1df2c062f3cfb6a85b9c4b9dd2,C:\Users\abhis\Desktop\P1\data\raw\year-2-core-and-jet-of-m87_52717778088_o.jpg,year-2-core-and-jet-of-m87_52717778088_o.jpg,JPEG,RGB,2544,2144,3,,,518393,1759395062.0
5c11477acdaf,5c11477acdafb12a500b882ddc65900b07caa7a7,C:\Users\abhis\Desktop\P1\data\raw\year-20-30-doradus_52718381738_o.jpg,year-20-30-doradus_52718381738_o.jpg,JPEG,RGB,3939,4024,3,,,11695433,1759395054.0
0fcde92b8a1f,0fcde92b8a1f1217b0333404aa5c2a930e1d6a98,C:\Users\abhis\Desktop\P1\data\raw\year-21-starburst-cluster-ngc-3603_52717380682_o.jpg,year-21-starburst-cluster-ngc-3603_52717380682_o.jpg,JPEG,RGB,3358,2994,3,,,11701688,1759395054.0
12214c9e55c4,12214c9e55c4e6fa2ea049acf2e56878d82bf618,C:\Users\abhis\Desktop\P1\data\raw\year-22-ngc-2841_52717915421_o.jpg,year-22-ngc-2841_52717915421_o.jpg,JPEG,RGB,3897,3044,3,,,17048480,1759395054.0
3a3239be1b99,3a3239be1b99ecdc8d2e75724e31896371c4e25f,C:\Users\abhis\Desktop\P1\data\raw\year-23-extreme-deep-field_52718357905_o.jpg,year-23-extreme-deep-field_52718357905_o.jpg,JPEG,RGB,2382,2078,3,,,1478103,1759395052.0
4f4135cb4320,4f4135cb43207ca540a23d31669d7136a42834bb,C:\Users\abhis\Desktop\P1\data\raw\year-24-messier-15_52717417372_o.jpg,year-24-messier-15_52717417372_o.jpg,JPEG,RGB,3749,4028,3,,,13762459,1759395052.0
963283667961,96328366796169f502b17f92d3c3a8b15dbcd56d,C:\Users\abhis\Desktop\P1\data\raw\year-26-herbig-haro-24-jet_52717434517_o.jpg,year-26-herbig-haro-24-jet_52717434517_o.jpg,JPEG,RGB,1028,1218,3,,,1069103,1759395050.0
5a80ea1fbc48,5a80ea1fbc483d0dd6acda4918553e0b89f0cf0a,C:\Users\abhis\Desktop\P1\data\raw\year-27-ngc-248_52718231104_o.jpg,year-27-ngc-248_52718231104_o.jpg,JPEG,RGB,2667,2667,3,,,11632875,1759395048.0
8c6dcc75c927,8c6dcc75c927f10024609596a02d55767b6bc982,C:\Users\abhis\Desktop\P1\data\raw\year-28-milky-way-bulge_52717448977_o.png,year-28-milky-way-bulge_52717448977_o.png,PNG,RGB,3336,2823,3,,,18680368,1759395048.0
8925813f6b7a,8925813f6b7ad1a716bbf30007895218173218c2,C:\Users\abhis\Desktop\P1\data\raw\year-29-m100_52718468663_o.jpg,year-29-m100_52718468663_o.jpg,JPEG,RGB,3679,3645,3,,,13418001,1759395048.0
e3ff5e50b508,e3ff5e50b508b0b75fd03476789af746d400ae32,C:\Users\abhis\Desktop\P1\data\raw\year-3-m42-gas-plume--proplyds_52717568049_o.jpg,year-3-m42-gas-plume--proplyds_52717568049_o.jpg,JPEG,RGB,2862,2111,3,,,5124373,1759395060.0
e40fcaf0ffbe,e40fcaf0ffbe79be2124e6b83925cd60f24f5cc0,C:\Users\abhis\Desktop\P1\data\raw\year-30-arp-madore-2026-424_52717462602_o.png,year-30-arp-madore-2026-424_52717462602_o.png,PNG,RGB,1631,1767,3,,,5644071,1759395046.0
8fa5c498ac87,8fa5c498ac87bc97abed591b138f2673eef9cff4,C:\Users\abhis\Desktop\P1\data\raw\year-31-caldwell-69-butterfly-nebula_52718476738_o.png,year-31-caldwell-69-butterfly-nebula_52718476738_o.png,PNG,RGB,3379,3005,3,,,14264281,1759395046.0
555404541e8f,555404541e8f88443b4f4fc40ab4e54e332b17fd,C:\Users\abhis\Desktop\P1\data\raw\year-32-cw-leonis_52717990416_o.png,year-32-cw-leonis_52717990416_o.png,PNG,RGB,3616,3213,3,,,19794126,1759395046.0
bd95c9ad386c,bd95c9ad386ccc2ff305145513dad3cd5c96e3a0,C:\Users\abhis\Desktop\P1\data\raw\year-33-ngc-1850_54396405537_o.jpg,year-33-ngc-1850_54396405537_o.jpg,JPEG,RGB,2155,2021,3,,,1180688,1759395046.0
95ca57cf4d3e,95ca57cf4d3e1796631a91befa91a8869702d475,C:\Users\abhis\Desktop\P1\data\raw\year-34-hp-tau_54393577608_o.jpg,year-34-hp-tau_54393577608_o.jpg,JPEG,RGB,4100,3840,3,,,10877375,1759395044.0
3fd5a6df8c57,3fd5a6df8c57cb601cdeab3f3dab093165fe75c9,C:\Users\abhis\Desktop\P1\data\raw\year-6-hourglass-nebula_52717361881_o.jpg,year-6-hourglass-nebula_52717361881_o.jpg,JPEG,RGB,800,800,3,,,759340,1759395060.0
3c292a7e0aaf,3c292a7e0aaf2ca487fa0e44eb8c3f6f8a3eed30,C:\Users\abhis\Desktop\P1\data\raw\year-7-eta-carinae_52717856843_o.jpg,year-7-eta-carinae_52717856843_o.jpg,JPEG,RGB,900,900,3,,,46652,1759395060.0
1a811c5ffc87,1a811c5ffc8701cea4c1669a465d96ad47146399,C:\Users\abhis\Desktop\P1\data\raw\year-9-southern-ring-nebula-ngc-3132_52717240192_o.jpg,year-9-southern-ring-nebula-ngc-3132_52717240192_o.jpg,JPEG,RGB,935,700,3,,,39523,1759395060.0
